id,year,week,postseason,id_home_team,id_away_team,points_home,points_away,completed,conference_game,home_team_id,home_team_full_name,home_team_school_name,home_team_mascot,away_team_id,away_team_full_name,away_team_school_name,away_team_mascot,home_team_ranking,away_team_ranking
96895,2022,12,0,258,324,,,0,0,258,Virginia Cavaliers,Virginia,Cavaliers,324,Coastal Carolina Chanticleers,Coastal Carolina,Chanticleers,-1.0,23.0
85158,2016,10,0,56,2368,,,0,1,56,Stetson Hatters,Stetson,Hatters,2368,Marist Red Foxes,Marist,Red Foxes,-1.0,-1.0
96274,2022,10,0,2273,2392,,,1,0,2273,Hillsdale Chargers,Hillsdale,Chargers,2392,Michigan Tech Huskies,Michigan Tech,Huskies,-1.0,-1.0
96951,2022,13,0,259,258,,,0,1,259,Virginia Tech Hokies,Virginia Tech,Hokies,258,Virginia Cavaliers,Virginia,Cavaliers,-1.0,-1.0
96624,2022,11,0,2832,2151,,,1,1,2832,St. Norbert Green Knights,St. Norbert,Green Knights,2151,Concordia (IL) Cougars,Concordia (IL),Cougars,-1.0,-1.0
85175,2016,10,0,2382,2193,,,0,1,2382,Mercer Bears,Mercer,Bears,2193,ETSU Buccaneers,East Tennessee State,Buccaneers,-1.0,-1.0
96243,2022,10,0,390,365,,,1,1,390,Utica Pioneers,Utica,Pioneers,365,Alfred Saxons,Alfred,Saxons,-1.0,-1.0
96210,2022,10,0,587,2882,,,1,1,587,Notre Dame College Blue Falcons,Notre Dame College,Blue Falcons,2882,UNC Pembroke Braves,UNC Pembroke,Braves,-1.0,-1.0
89942,2019,11,0,2000,2534,,,0,1,2000,Abilene Christian Wildcats,Abilene Christian,Wildcats,2534,Sam Houston State Bearkats,Sam Houston State,Bearkats,-1.0,-1.0
96229,2022,10,0,122774,2951,,,1,1,122774,Keystone Giants,Keystone,Giants,2951,SUNY Maritime Privateers,SUNY Maritime,Privateers,-1.0,-1.0
96611,2022,11,0,2688,2828,,,1,1,2688,Washington & Lee Generals,Washington & Lee,Generals,2828,Shenandoah Hornets,Shenandoah,Hornets,-1.0,-1.0
96691,2022,11,0,11,2424,,,1,1,11,Colorado Mesa Mavericks,Colorado Mesa,Mavericks,2424,New Mexico Highlands Cowboys,New Mexico Highlands,Cowboys,-1.0,-1.0
96299,2022,10,0,2233,2419,,,1,1,2233,Franklin Grizzlies,Franklin,Grizzlies,2419,Mount St. Joseph Lions,Mount St. Joseph,Lions,-1.0,-1.0
96980,2022,13,0,2146,2364,,,1,0,2146,Colorado Mines Orediggers,Colorado Mines,Orediggers,2364,Minnesota State Mavericks,Minnesota State,Mavericks,-1.0,-1.0
96516,2022,11,0,2972,379,,,1,1,2972,Plymouth State Panthers,Plymouth State,Panthers,379,UMass Dartmouth Corsairs,UMass Dartmouth,Corsairs,-1.0,-1.0
96626,2022,11,0,424,191,,,1,1,424,Capital Crusaders,Capital,Crusaders,191,Heidelberg Student Princes,Heidelberg,Student Princes,-1.0,-1.0
96774,2022,11,0,2829,2704,,,1,0,2829,Simon Fraser Clansmen,Simon Fraser,Clansmen,2704,West Texas A&M Buffaloes,West Texas A&M,Buffaloes,-1.0,-1.0
96593,2022,11,0,129,2392,,,1,1,129,Saginaw Valley Cardinals,Saginaw Valley,Cardinals,2392,Michigan Tech Huskies,Michigan Tech,Huskies,-1.0,-1.0
97036,2022,14,0,3071,175,,,1,0,3071,North Central Cardinals,North Central,Cardinals,175,Ithaca Bombers,Ithaca,Bombers,-1.0,-1.0
96307,2022,10,0,2151,2283,,,1,1,2151,Concordia (IL) Cougars,Concordia (IL),Cougars,2283,Benedictine (IL) Eagles,Benedictine (IL),Eagles,-1.0,-1.0
96651,2022,11,0,2045,2758,,,1,1,2045,Austin College Kangaroos,Austin College,Kangaroos,2758,Howard Payne Yellow Jackets,Howard Payne,Yellow Jackets,-1.0,-1.0
96205,2022,10,0,2528,2779,,,1,1,2528,Rensselaer Engineers,Rensselaer,Engineers,2779,St Lawrence Saints,St Lawrence,Saints,-1.0,-1.0
96603,2022,11,0,2614,2062,,,1,1,2614,St. Vincent Bearcats,St. Vincent,Bearcats,2062,Bethany (WV) Bison,Bethany (WV),Bison,-1.0,-1.0
85184,2016,10,0,257,256,,,0,1,257,Richmond Spiders,Richmond,Spiders,256,James Madison Dukes,James Madison,Dukes,-1.0,-1.0
96629,2022,11,0,2419,86,,,1,1,2419,Mount St. Joseph Lions,Mount St. Joseph,Lions,86,Rose-Hulman Engineers,Rose-Hulman,Engineers,-1.0,-1.0
96294,2022,10,0,2188,2974,,,1,1,2188,East Stroudsburg Warriors,East Stroudsburg,Warriors,2974,Shepherd Rams,Shepherd,Rams,-1.0,-1.0
96556,2022,11,0,2477,2273,,,1,1,2477,Ohio Dominican Panthers,Ohio Dominican,Panthers,2273,Hillsdale Chargers,Hillsdale,Chargers,-1.0,-1.0
96296,2022,10,0,2940,2304,,,1,1,2940,Livingstone Blue Bears,Livingstone,Blue Bears,2304,Johnson C Smith Golden Bulls,Johnson C Smith,Golden Bulls,-1.0,-1.0
96560,2022,11,0,2564,63,,,1,1,2564,Simpson College Storm,Simpson College,Storm,63,Buena Vista Beavers,Buena Vista,Beavers,-1.0,-1.0
96500,2022,11,0,2134,223,,,1,1,2134,Clarion Golden Eagles,Clarion,Golden Eagles,223,West Chester Golden Rams,West Chester,Golden Rams,-1.0,-1.0
96644,2022,11,0,2740,272,,,1,1,2740,Wisconsin-La Crosse Eagles,Wisconsin-La Crosse,Eagles,272,Wisconsin-Platteville Pioneers,Wisconsin-Platteville,Pioneers,-1.0,-1.0
96457,2022,10,0,415,2333,,,1,1,415,George Fox University Bruins,George Fox University,Bruins,2333,Lewis & Clark Pioneers,Lewis & Clark,Pioneers,-1.0,-1.0
96447,2022,10,0,110243,2703,,,1,1,110243,University of Texas of the Permian Basin Falcons,University of Texas of the Permian Basin,Falcons,2703,Western New Mexico Mustangs,Western New Mexico,Mustangs,-1.0,-1.0
96519,2022,11,0,2951,3162,,,1,1,2951,SUNY Maritime Privateers,SUNY Maritime,Privateers,3162,Alfred State College Pioneers,Alfred State College,Pioneers,-1.0,-1.0
96677,2022,11,0,2069,2570,,,1,1,2069,Black Hills State Yellow Jackets,Black Hills State,Yellow Jackets,2570,Colorado State-Pueblo Thunderwolves,Colorado State-Pueblo,Thunderwolves,-1.0,-1.0
85166,2016,10,0,2169,2428,,,0,1,2169,Delaware State Hornets,Delaware State,Hornets,2428,North Carolina Central Eagles,North Carolina Central,Eagles,-1.0,-1.0
89947,2019,11,0,2460,282,,,0,1,2460,Northern Iowa Panthers,Northern Iowa,Panthers,282,Indiana State Sycamores,Indiana State,Sycamores,-1.0,-1.0
96850,2022,12,0,2685,2740,,,1,0,2685,Wartburg Knights,Wartburg,Knights,2740,Wisconsin-La Crosse Eagles,Wisconsin-La Crosse,Eagles,-1.0,-1.0
96303,2022,10,0,359,427,,,1,1,359,Otterbein Cardinals,Otterbein,Cardinals,427,Ohio Northern Polar Bears,Ohio Northern,Polar Bears,-1.0,-1.0
96204,2022,10,0,2280,2884,,,1,1,2280,Husson Eagles,Husson,Eagles,2884,Nichols Bison,Nichols,Bison,-1.0,-1.0
96623,2022,11,0,255,2919,,,1,1,255,Knox College Prairie Fire,Knox College,Prairie Fire,2919,Monmouth (IL) Fighting Scots,Monmouth (IL),Fighting Scots,-1.0,-1.0
96664,2022,11,0,2738,271,,,1,1,2738,Wisconsin-Eau Claire Blugolds,Wisconsin-Eau Claire,Blugolds,271,UW-Oshkosh Titans,UW-Oshkosh,Titans,-1.0,-1.0
96700,2022,11,0,2271,2888,,,1,1,2271,Henderson State Reddies,Henderson State,Reddies,2888,Ouachita Baptist Tigers,Ouachita Baptist,Tigers,-1.0,-1.0
96461,2022,10,0,2658,2395,,,1,1,2658,Texas A&M-Kingsville Javelinas,Texas A&M-Kingsville,Javelinas,2395,Midwestern State Mustangs,Midwestern State,Mustangs,-1.0,-1.0
96734,2022,11,0,2201,2703,,,1,1,2201,Eastern New Mexico Greyhounds,Eastern New Mexico,Greyhounds,2703,Western New Mexico Mustangs,Western New Mexico,Mustangs,-1.0,-1.0
96369,2022,10,0,2894,2844,,,1,1,2894,Sioux Falls Cougars,Sioux Falls,Cougars,2844,Wayne State (NE) Wildcats,Wayne State (NE),Wildcats,-1.0,-1.0
96308,2022,10,0,2743,271,,,1,1,2743,Wisconsin-Stevens Point Pointers,Wisconsin-Stevens Point,Pointers,271,UW-Oshkosh Titans,UW-Oshkosh,Titans,-1.0,-1.0
96576,2022,11,0,2614,121695,,,0,0,2614,St. Vincent Bearcats,St. Vincent,Bearcats,121695,Bethany Co Bethany Co,Bethany Co,Bethany Co,-1.0,-1.0
96385,2022,10,0,199,2888,,,1,1,199,Southeastern Oklahoma Savage Storm,Southeastern Oklahoma,Savage Storm,2888,Ouachita Baptist Tigers,Ouachita Baptist,Tigers,-1.0,-1.0
85183,2016,10,0,2029,2400,,,0,1,2029,Arkansas-PB Golden Lions,Arkansas-Pine Bluff,Golden Lions,2400,Mississippi Valley State Delta Devils,Mississippi Valley State,Delta Devils,-1.0,-1.0
96326,2022,10,0,2262,86,,,1,1,2262,Hanover Panthers,Hanover,Panthers,86,Rose-Hulman Engineers,Rose-Hulman,Engineers,-1.0,-1.0
96528,2022,11,0,2385,2974,,,1,1,2385,Mercyhurst Lakers,Mercyhurst,Lakers,2974,Shepherd Rams,Shepherd,Rams,-1.0,-1.0
85167,2016,10,0,2546,55,,,0,1,2546,Southeast Missouri State Redhawks,Southeast Missouri State,Redhawks,55,Jacksonville State Gamecocks,Jacksonville State,Gamecocks,-1.0,-1.0
85214,2016,10,0,2000,2466,,,0,1,2000,Abilene Christian Wildcats,Abilene Christian,Wildcats,2466,Northwestern State Demons,Northwestern State,Demons,-1.0,-1.0
96315,2022,10,0,2123,11,,,1,1,2123,Chadron State Eagles,Chadron State,Eagles,11,Colorado Mesa Mavericks,Colorado Mesa,Mavericks,-1.0,-1.0
96281,2022,10,0,121,2977,,,1,1,121,Bates College Bobcats,Bates College,Bobcats,2977,Trinity (CT) Bantams,Trinity (CT),Bantams,-1.0,-1.0
96295,2022,10,0,317,424,,,1,1,317,Marietta Pioneers,Marietta,Pioneers,424,Capital Crusaders,Capital,Crusaders,-1.0,-1.0
96338,2022,10,0,2781,3110,,,1,1,2781,Brockport State (NY) Golden Eagles,Brockport State (NY),Golden Eagles,3110,Morrisville State Mustangs,Morrisville State,Mustangs,-1.0,-1.0
97061,2022,15,0,2146,2974,,,1,0,2146,Colorado Mines Orediggers,Colorado Mines,Orediggers,2974,Shepherd Rams,Shepherd,Rams,-1.0,-1.0
85225,2016,10,0,13,331,,,0,1,13,Cal Poly Mustangs,Cal Poly,Mustangs,331,Eastern Washington Eagles,Eastern Washington,Eagles,-1.0,-1.0
89909,2019,11,0,2181,294,,,0,1,2181,Drake Bulldogs,Drake,Bulldogs,294,Jacksonville Dolphins,Jacksonville,Dolphins,-1.0,-1.0
96256,2022,10,0,2257,109418,,,1,1,2257,Greenville Panthers,Greenville,Panthers,109418,Finlandia University Lions,Finlandia University,Lions,-1.0,-1.0
96633,2022,11,0,332,317,,,1,1,332,Muskingum Muskies,Muskingum,Muskies,317,Marietta Pioneers,Marietta,Pioneers,-1.0,-1.0
96337,2022,10,0,2079,2688,,,1,1,2079,Bridgewater (VA) Eagles,Bridgewater (VA),Eagles,2688,Washington & Lee Generals,Washington & Lee,Generals,-1.0,-1.0
96499,2022,11,0,437,128,,,1,0,437,Lake Erie College Storm,Lake Erie College,Storm,128,Northern Michigan Wildcats,Northern Michigan,Wildcats,-1.0,-1.0
96219,2022,10,0,2651,2812,,,1,1,2651,Trine Thunder,Trine,Thunder,2812,Hope Flying Dutchmen,Hope,Flying Dutchmen,-1.0,-1.0
96235,2022,10,0,2274,125974,,,1,0,2274,Hiram Terriers,Hiram,Terriers,125974,Hilbert College Hilbert,Hilbert College,Hilbert,-1.0,-1.0
96220,2022,10,0,2119,2310,,,1,1,2119,Central State Marauders,Central State,Marauders,2310,Kentucky State Thorobreds,Kentucky State,Thorobreds,-1.0,-1.0
96604,2022,11,0,2242,2849,,,1,1,2242,Geneva College Golden Tornadoes,Geneva College,Golden Tornadoes,2849,Westminster PA Titans,Westminster PA,Titans,-1.0,-1.0
96512,2022,11,0,388,2015,,,1,1,388,Lebanon Valley Flying Dutchmen,Lebanon Valley,Flying Dutchmen,2015,Albright Lions,Albright,Lions,-1.0,-1.0
96425,2022,10,0,2316,2838,,,1,1,2316,Kentucky Wesleyan Panthers,Kentucky Wesleyan,Panthers,2838,Tiffin Dragons,Tiffin,Dragons,-1.0,-1.0
96254,2022,10,0,2702,111675,,,1,1,2702,Western New England Golden Bears,Western New England,Golden Bears,111675,University of New England Nor'Easters,University of New England,Nor'Easters,-1.0,-1.0
96213,2022,10,0,81,109,,,1,1,81,Springfield Pride,Springfield,Pride,109,MIT Engineers,MIT,Engineers,-1.0,-1.0
96640,2022,11,0,72,306,,,1,1,72,Elmhurst Blue Jays,Elmhurst,Blue Jays,306,Illinois Wesleyan Titans,Illinois Wesleyan,Titans,-1.0,-1.0
96653,2022,11,0,137,2876,,,1,1,137,Missouri Western Griffons,Missouri Western,Griffons,2876,Lincoln (MO) Blue Tigers,Lincoln (MO),Blue Tigers,-1.0,-1.0
96298,2022,10,0,2074,2023,,,1,1,2074,Bluffton Beavers,Bluffton,Beavers,2023,Anderson (IN) Ravens,Anderson (IN),Ravens,-1.0,-1.0
96494,2022,11,0,367,2559,,,1,1,367,Gannon Golden Knights,Gannon,Golden Knights,2559,Shippensburg Raiders,Shippensburg,Raiders,-1.0,-1.0
96173,2022,10,0,2015,111674,,,1,1,2015,Albright Lions,Albright,Lions,111674,Alvernia University Golden Wolves,Alvernia University,Golden Wolves,-1.0,-1.0
96317,2022,10,0,268,80,,,1,1,268,Lawrence Vikings,Lawrence,Vikings,80,Chicago Maroons,Chicago,Maroons,-1.0,-1.0
96584,2022,11,0,389,2894,,,1,1,389,Upper Iowa Peacocks,Upper Iowa,Peacocks,2894,Sioux Falls Cougars,Sioux Falls,Cougars,-1.0,-1.0
89905,2019,11,0,2546,2198,,,0,1,2546,Southeast Missouri State Redhawks,Southeast Missouri State,Redhawks,2198,Eastern Kentucky Colonels,Eastern Kentucky,Colonels,-1.0,-1.0
96743,2022,11,0,2927,2823,,,1,1,2927,Southwestern Oklahoma Bulldogs,Southwestern Oklahoma,Bulldogs,2823,Northwestern Oklahoma State Rangers,Northwestern Oklahoma State,Rangers,-1.0,-1.0
96266,2022,10,0,209,2559,,,1,1,209,Lock Haven Bald Eagles,Lock Haven,Bald Eagles,2559,Shippensburg Raiders,Shippensburg,Raiders,-1.0,-1.0
85204,2016,10,0,2046,2634,,,0,1,2046,Austin Peay Governors,Austin Peay,Governors,2634,Tennessee State Tigers,Tennessee State,Tigers,-1.0,-1.0
96572,2022,11,0,2746,125974,,,1,0,2746,Wittenberg Tigers,Wittenberg,Tigers,125974,Hilbert College Hilbert,Hilbert College,Hilbert,-1.0,-1.0
89939,2019,11,0,2692,155,,,0,0,2692,Weber State Wildcats,Weber State,Wildcats,155,North Dakota Fighting Hawks,North Dakota,Fighting Hawks,-1.0,-1.0
96479,2022,11,0,2827,111675,,,1,0,2827,Rowan Professors,Rowan,Professors,111675,University of New England Nor'Easters,University of New England,Nor'Easters,-1.0,-1.0
96680,2022,11,0,2371,241,,,1,1,2371,Mary Hardin-Baylor Crusaders,Mary Hardin-Baylor,Crusaders,241,McMurry War Hawks,McMurry,War Hawks,-1.0,-1.0
96520,2022,11,0,2749,109,,,1,1,2749,Worcester Polytechnic Engineers,Worcester Polytechnic,Engineers,109,MIT Engineers,MIT,Engineers,-1.0,-1.0
96805,2022,12,0,2516,2782,,,1,0,2516,Randolph-Macon Yellow Jackets,Randolph-Macon,Yellow Jackets,2782,SUNY Cortland Red Dragons,SUNY Cortland,Red Dragons,-1.0,-1.0
96707,2022,11,0,2673,2560,,,1,1,2673,Valdosta State Blazers,Valdosta State,Blazers,2560,Shorter Hawks,Shorter,Hawks,-1.0,-1.0
89910,2019,11,0,2635,55,,,0,1,2635,Tennessee Tech Golden Eagles,Tennessee Tech,Golden Eagles,55,Jacksonville State Gamecocks,Jacksonville State,Gamecocks,-1.0,-1.0
96618,2022,11,0,3110,173,,,1,1,3110,Morrisville State Mustangs,Morrisville State,Mustangs,173,Hartwick Hawks,Hartwick,Hawks,-1.0,-1.0
96740,2022,11,0,2930,2508,,,1,1,2930,Willamette Bearcats,Willamette,Bearcats,2508,Puget Sound Loggers,Puget Sound,Loggers,-1.0,-1.0
96365,2022,10,0,75,72,,,1,1,75,North Park Vikings,North Park,Vikings,72,Elmhurst Blue Jays,Elmhurst,Blue Jays,-1.0,-1.0
85176,2016,10,0,79,233,,,0,1,79,Southern Illinois Salukis,Southern Illinois,Salukis,233,South Dakota Coyotes,South Dakota,Coyotes,-1.0,-1.0
96484,2022,11,0,2858,2188,,,1,1,2858,California (PA) Vulcans,California (PA),Vulcans,2188,East Stroudsburg Warriors,East Stroudsburg,Warriors,-1.0,-1.0
96434,2022,10,0,291,2256,,,1,1,291,Methodist Monarchs,Methodist,Monarchs,2256,Greensboro Pride,Greensboro,Pride,-1.0,-1.0
96616,2022,11,0,2399,2257,,,1,1,2399,Minnesota-Morris Cougars,Minnesota-Morris,Cougars,2257,Greenville Panthers,Greenville,Panthers,-1.0,-1.0
96620,2022,11,0,2725,2808,,,1,1,2725,Widener Pride,Widener,Pride,2808,Delaware Valley Aggies,Delaware Valley,Aggies,-1.0,-1.0
96260,2022,10,0,471,398,,,1,1,471,Stevenson Mustangs,Stevenson,Mustangs,398,Wilkes Colonels,Wilkes,Colonels,-1.0,-1.0
96741,2022,11,0,2333,203,,,1,1,2333,Lewis & Clark Pioneers,Lewis & Clark,Pioneers,203,Linfield Wildcats,Linfield,Wildcats,-1.0,-1.0
96642,2022,11,0,112335,2986,,,1,1,112335,Wheeling Jesuit Cardinals,Wheeling Jesuit,Cardinals,2986,Fairmont State Falcons,Fairmont State,Falcons,-1.0,-1.0
96596,2022,11,0,67,6845,,,1,1,67,Luther Norse,Luther,Norse,6845,Nebraska Wesleyan University Neb Wesleyan,Nebraska Wesleyan University,Neb Wesleyan,-1.0,-1.0
96280,2022,10,0,2827,2818,,,1,1,2827,Rowan Professors,Rowan,Professors,2818,Montclair State Red Hawks,Montclair State,Red Hawks,-1.0,-1.0
89946,2019,11,0,304,331,,,0,1,304,Idaho State Bengals,Idaho State,Bengals,331,Eastern Washington Eagles,Eastern Washington,Eagles,-1.0,-1.0
96416,2022,10,0,2570,613,,,1,1,2570,Colorado State-Pueblo Thunderwolves,Colorado State-Pueblo,Thunderwolves,613,South Dakota Mines Hardrockers,South Dakota Mines,Hardrockers,-1.0,-1.0
96676,2022,11,0,2402,2586,,,1,1,2402,Missouri S&T Miners,Missouri S&T,Miners,2586,Southwest Baptist Bearcats,Southwest Baptist,Bearcats,-1.0,-1.0
96612,2022,11,0,32,143,,,1,0,32,Carroll (WI) Pioneers,Carroll (WI),Pioneers,143,Washington (MO) Bears,Washington (MO),Bears,-1.0,-1.0
96417,2022,10,0,205,2721,,,1,1,205,Pacific (OR) Boxers,Pacific (OR),Boxers,2721,Whitworth Pirates,Whitworth,Pirates,-1.0,-1.0
89948,2019,11,0,2617,2916,,,0,1,2617,Stephen F. Austin Lumberjacks,Stephen F. Austin,Lumberjacks,2916,Incarnate Word Cardinals,Incarnate Word,Cardinals,-1.0,-1.0
96189,2022,10,0,184,173,,,1,0,184,Rochester Yellow Jackets,Rochester,Yellow Jackets,173,Hartwick Hawks,Hartwick,Hawks,-1.0,-1.0
96273,2022,10,0,2886,2477,,,1,0,2886,Northwood (MI) Timberwolves,Northwood (MI),Timberwolves,2477,Ohio Dominican Panthers,Ohio Dominican,Panthers,-1.0,-1.0
96239,2022,10,0,2832,101,,,1,1,2832,St. Norbert Green Knights,St. Norbert,Green Knights,101,Eureka College Red Devils,Eureka College,Red Devils,-1.0,-1.0
96383,2022,10,0,568,559,,,1,1,568,Minot State Beavers,Minot State,Beavers,559,University of Mary Marauders,University of Mary,Marauders,-1.0,-1.0
85218,2016,10,0,149,304,,,0,1,149,Montana Grizzlies,Montana,Grizzlies,304,Idaho State Bengals,Idaho State,Bengals,-1.0,-1.0
96491,2022,11,0,348,121,,,1,1,348,Hamilton Continentals,Hamilton,Continentals,121,Bates College Bobcats,Bates College,Bobcats,-1.0,-1.0
96710,2022,11,0,2714,2001,,,1,1,2714,Western State Mountaineers,Western State,Mountaineers,2001,Adams State Grizzlies,Adams State,Grizzlies,-1.0,-1.0
96602,2022,11,0,455,2249,,,1,1,455,WV Wesleyan Bobcats,WV Wesleyan,Bobcats,2249,Glenville State Pioneers,Glenville State,Pioneers,-1.0,-1.0
96643,2022,11,0,80,262,,,0,1,80,Chicago Maroons,Chicago,Maroons,262,Lake Forest Foresters,Lake Forest,Foresters,-1.0,-1.0
96503,2022,11,0,2776,2280,,,1,1,2776,Salve Regina Seahawks,Salve Regina,Seahawks,2280,Husson Eagles,Husson,Eagles,-1.0,-1.0
96319,2022,10,0,2810,2045,,,1,1,2810,Hardin-Simmons Cowboys,Hardin-Simmons,Cowboys,2045,Austin College Kangaroos,Austin College,Kangaroos,-1.0,-1.0
96228,2022,10,0,336,2731,,,0,1,336,Wesleyan Cardinals,Wesleyan,Cardinals,2731,Williams Ephs,Williams,Ephs,-1.0,-1.0
96306,2022,10,0,266,262,,,1,1,266,Beloit College Buccaneers,Beloit College,Buccaneers,262,Lake Forest Foresters,Lake Forest,Foresters,-1.0,-1.0
89962,2019,11,0,2466,2320,,,0,1,2466,Northwestern State Demons,Northwestern State,Demons,2320,Lamar Cardinals,Lamar,Cardinals,-1.0,-1.0
96388,2022,10,0,2876,2214,,,1,1,2876,Lincoln (MO) Blue Tigers,Lincoln (MO),Blue Tigers,2214,Emporia State Hornets,Emporia State,Hornets,-1.0,-1.0
96858,2022,12,0,2371,2938,,,1,0,2371,Mary Hardin-Baylor Crusaders,Mary Hardin-Baylor,Crusaders,2938,Huntingdon Hawks,Huntingdon,Hawks,-1.0,-1.0
96530,2022,11,0,2205,209,,,1,1,2205,Edinboro Fighting Scots,Edinboro,Fighting Scots,209,Lock Haven Bald Eagles,Lock Haven,Bald Eagles,-1.0,-1.0
96206,2022,10,0,2557,2749,,,1,1,2557,Coast Guard Bears,Coast Guard,Bears,2749,Worcester Polytechnic Engineers,Worcester Polytechnic,Engineers,-1.0,-1.0
85170,2016,10,0,2458,155,,,0,1,2458,Northern Colorado Bears,Northern Colorado,Bears,155,North Dakota Fighting Hawks,North Dakota,Fighting Hawks,-1.0,-1.0
96179,2022,10,0,2986,2249,,,1,1,2986,Fairmont State Falcons,Fairmont State,Falcons,2249,Glenville State Pioneers,Glenville State,Pioneers,-1.0,-1.0
96492,2022,11,0,2967,402,,,1,1,2967,Framingham State Rams,Framingham State,Rams,402,Worcester State College Lancers,Worcester State College,Lancers,-1.0,-1.0
96208,2022,10,0,2560,2822,,,1,1,2560,Shorter Hawks,Shorter,Hawks,2822,North Greenville Crusaders,North Greenville,Crusaders,-1.0,-1.0
96328,2022,10,0,3,2121,,,1,1,3,Birmingham-Southern Panthers,Birmingham-Southern,Panthers,2121,Centre Colonels,Centre,Colonels,-1.0,-1.0
96694,2022,11,0,2191,199,,,1,1,2191,East Central Tigers,East Central,Tigers,199,Southeastern Oklahoma Savage Storm,Southeastern Oklahoma,Savage Storm,-1.0,-1.0
89908,2019,11,0,2674,2413,,,0,1,2674,Valparaiso Crusaders,Valparaiso,Crusaders,2413,Morehead State Eagles,Morehead State,Eagles,-1.0,-1.0
96656,2022,11,0,2834,2588,,,1,1,2834,Sul Ross State Lobos,Sul Ross State,Lobos,2588,Southwestern University Pirates,Southwestern University,Pirates,-1.0,-1.0
96739,2022,11,0,29,2850,,,1,1,29,Redlands Bulldogs,Redlands,Bulldogs,2850,Whittier Poets,Whittier,Poets,-1.0,-1.0
96392,2022,10,0,2695,2401,,,1,1,2695,West Alabama Tigers,West Alabama,Tigers,2401,Mississippi College Choctaws,Mississippi College,Choctaws,-1.0,-1.0
96588,2022,11,0,2699,341,,,1,1,2699,West Liberty Hilltoppers,West Liberty,Hilltoppers,341,Frostburg State Bobcats,Frostburg State,Bobcats,-1.0,-1.0
96542,2022,11,0,2909,114,,,1,1,2909,Westfield State Owls,Westfield State,Owls,114,Fitchburg State Falcons,Fitchburg State,Falcons,-1.0,-1.0
96172,2022,10,0,18,2967,,,1,1,18,Bridgewater State Bears,Bridgewater State,Bears,2967,Framingham State Rams,Framingham State,Rams,-1.0,-1.0
96521,2022,11,0,2108,81,,,1,1,2108,Catholic University Cardinals,Catholic University,Cardinals,81,Springfield Pride,Springfield,Pride,-1.0,-1.0
89928,2019,11,0,2717,2193,,,0,1,2717,Western Carolina Catamounts,Western Carolina,Catamounts,2193,ETSU Buccaneers,East Tennessee State,Buccaneers,-1.0,-1.0
89925,2019,11,0,256,160,,,0,1,256,James Madison Dukes,James Madison,Dukes,160,New Hampshire Wildcats,New Hampshire,Wildcats,-1.0,-1.0
96609,2022,11,0,2003,354,,,1,1,2003,Adrian Bulldogs,Adrian,Bulldogs,354,Olivet College Comets,Olivet College,Comets,-1.0,-1.0
96464,2022,10,0,2923,2850,,,1,1,2923,Pomona-Pitzer Sagehens,Pomona-Pitzer,Sagehens,2850,Whittier Poets,Whittier,Poets,-1.0,-1.0
96692,2022,11,0,2028,2568,,,1,1,2028,Arkansas-Monticello Weevils,Arkansas-Monticello,Weevils,2568,Southern Arkansas Muleriders,Southern Arkansas,Muleriders,-1.0,-1.0
89923,2019,11,0,149,70,,,0,1,149,Montana Grizzlies,Montana,Grizzlies,70,Idaho Vandals,Idaho,Vandals,-1.0,-1.0
89940,2019,11,0,2464,16,,,0,1,2464,Northern Arizona Lumberjacks,Northern Arizona,Lumberjacks,16,Sacramento State Hornets,Sacramento State,Hornets,-1.0,-1.0
96199,2022,10,0,2843,114,,,1,1,2843,Western Connecticut State Colonials,Western Connecticut State,Colonials,114,Fitchburg State Falcons,Fitchburg State,Falcons,-1.0,-1.0
96271,2022,10,0,455,341,,,1,1,455,WV Wesleyan Bobcats,WV Wesleyan,Bobcats,341,Frostburg State Bobcats,Frostburg State,Bobcats,-1.0,-1.0
96293,2022,10,0,2964,67,,,1,1,2964,Central Dutch,Central,Dutch,67,Luther Norse,Luther,Norse,-1.0,-1.0
96241,2022,10,0,2790,354,,,1,1,2790,Albion Britons,Albion,Britons,354,Olivet College Comets,Olivet College,Comets,-1.0,-1.0
96237,2022,10,0,2234,323,,,1,1,2234,Franklin & Marshall Diplomats,Franklin & Marshall,Diplomats,323,Moravian Greyhounds,Moravian,Greyhounds,-1.0,-1.0
96234,2022,10,0,2748,2171,,,1,1,2748,Wooster Fighting Scots,Wooster,Fighting Scots,2171,Denison Big Red,Denison,Big Red,-1.0,-1.0
96465,2022,10,0,411,2094,,,1,1,411,Chapman Panthers,Chapman,Panthers,2094,Cal Lutheran Kingsmen,Cal Lutheran,Kingsmen,-1.0,-1.0
97057,2022,15,0,2222,110242,,,1,0,2222,Ferris State Bulldogs,Ferris State,Bulldogs,110242,West Florida Argonauts,West Florida,Argonauts,-1.0,-1.0
96352,2022,10,0,2042,2106,,,1,1,2042,Augustana (IL) Vikings,Augustana (IL),Vikings,2106,Carthage Redmen,Carthage,Redmen,-1.0,-1.0
96582,2022,11,0,2364,2851,,,1,1,2364,Minnesota State Mavericks,Minnesota State,Mavericks,2851,Winona State Warriors,Winona State,Warriors,-1.0,-1.0
96255,2022,10,0,2047,2258,,,1,0,2047,Averett Cougars,Averett,Cougars,2258,Guilford Quakers,Guilford,Quakers,-1.0,-1.0
96341,2022,10,0,306,3071,,,1,1,306,Illinois Wesleyan Titans,Illinois Wesleyan,Titans,3071,North Central Cardinals,North Central,Cardinals,-1.0,-1.0
96988,2022,13,0,203,2802,,,1,0,203,Linfield Wildcats,Linfield,Wildcats,2802,Bethel (MN) Royals,Bethel (MN),Royals,-1.0,-1.0
85165,2016,10,0,2619,2729,,,0,1,2619,Stony Brook Seawolves,Stony Brook,Seawolves,2729,William & Mary Tribe,William & Mary,Tribe,-1.0,-1.0
96549,2022,11,0,2818,2970,,,1,1,2818,Montclair State Red Hawks,Montclair State,Red Hawks,2970,William Paterson Pioneers,William Paterson,Pioneers,-1.0,-1.0
96211,2022,10,0,2830,2038,,,1,1,2830,St. Anselm Hawks,St. Anselm,Hawks,2038,Assumption Greyhounds,Assumption,Greyhounds,-1.0,-1.0
96559,2022,11,0,374,390,,,1,1,374,St. John Fisher Cardinals,St. John Fisher,Cardinals,390,Utica Pioneers,Utica,Pioneers,-1.0,-1.0
96227,2022,10,0,2075,2339,,,1,1,2075,Bowie State Bulldogs,Bowie State,Bulldogs,2339,Lincoln (PA) Lions,Lincoln (PA),Lions,-1.0,-1.0
96351,2022,10,0,133,2968,,,1,1,133,St. Olaf College Oles,St. Olaf College,Oles,2968,Gustavus Adolphus Golden Gusties,Gustavus Adolphus,Golden Gusties,-1.0,-1.0
96297,2022,10,0,190,2362,,,1,1,190,Defiance Yellow Jackets,Defiance,Yellow Jackets,2362,Manchester Spartans,Manchester,Spartans,-1.0,-1.0
89929,2019,11,0,159,163,,,0,1,159,Dartmouth Big Green,Dartmouth,Big Green,163,Princeton Tigers,Princeton,Tigers,-1.0,-1.0
96269,2022,10,0,2364,2587,,,1,1,2364,Minnesota State Mavericks,Minnesota State,Mavericks,2587,Southwest Minnesota State Mustangs,Southwest Minnesota State,Mustangs,-1.0,-1.0
85203,2016,10,0,2582,2640,,,0,1,2582,Southern Jaguars,Southern,Jaguars,2640,Texas Southern Tigers,Texas Southern,Tigers,-1.0,-1.0
96564,2022,11,0,2056,2373,,,1,0,2056,Belhaven College Blazers,Belhaven College,Blazers,2373,Maryville TN Fighting Scots,Maryville TN,Fighting Scots,-1.0,-1.0
96505,2022,11,0,2022,2830,,,1,1,2022,AIC Yellow Jackets,AIC,Yellow Jackets,2830,St. Anselm Hawks,St. Anselm,Hawks,-1.0,-1.0
96190,2022,10,0,3162,417,,,1,1,3162,Alfred State College Pioneers,Alfred State College,Pioneers,417,Gallaudet Bison,Gallaudet,Bison,-1.0,-1.0
96555,2022,11,0,2155,65,,,1,1,2155,Cornell College (IA) Rams,Cornell College (IA),Rams,65,Grinnell Pioneers,Grinnell,Pioneers,-1.0,-1.0
96634,2022,11,0,2023,2362,,,1,1,2023,Anderson (IN) Ravens,Anderson (IN),Ravens,2362,Manchester Spartans,Manchester,Spartans,-1.0,-1.0
96570,2022,11,0,2845,2686,,,1,1,2845,Waynesburg Yellow Jackets,Waynesburg,Yellow Jackets,2686,Washington & Jefferson Presidents,Washington & Jefferson,Presidents,-1.0,-1.0
96215,2022,10,0,246,2667,,,1,1,246,Juniata Eagles,Juniata,Eagles,2667,Ursinus Bears,Ursinus,Bears,-1.0,-1.0
96424,2022,10,0,2848,2829,,,1,1,2848,Western Oregon Wolves,Western Oregon,Wolves,2829,Simon Fraser Clansmen,Simon Fraser,Clansmen,-1.0,-1.0
96195,2022,10,0,402,2909,,,1,1,402,Worcester State College Lancers,Worcester State College,Lancers,2909,Westfield State Owls,Westfield State,Owls,-1.0,-1.0
96738,2022,11,0,2923,17,,,1,1,2923,Pomona-Pitzer Sagehens,Pomona-Pitzer,Sagehens,17,Claremont Stags,Claremont,Stags,-1.0,-1.0
96578,2022,11,0,126086,2038,,,0,0,126086,Post University Postuniv,Post University,Postuniv,2038,Assumption Greyhounds,Assumption,Greyhounds,-1.0,-1.0
96627,2022,11,0,2074,190,,,1,1,2074,Bluffton Beavers,Bluffton,Beavers,190,Defiance Yellow Jackets,Defiance,Yellow Jackets,-1.0,-1.0
96311,2022,10,0,2194,2834,,,1,1,2194,East Texas Baptist Tigers,East Texas Baptist,Tigers,2834,Sul Ross State Lobos,Sul Ross State,Lobos,-1.0,-1.0
85178,2016,10,0,2449,2754,,,0,1,2449,North Dakota State Bison,North Dakota State,Bison,2754,Youngstown State Penguins,Youngstown State,Penguins,-1.0,-1.0
96318,2022,10,0,2919,2891,,,1,1,2919,Monmouth (IL) Fighting Scots,Monmouth (IL),Fighting Scots,2891,Ripon Redhawks,Ripon,Redhawks,-1.0,-1.0
96188,2022,10,0,2467,2108,,,1,1,2467,Norwich Cadets,Norwich,Cadets,2108,Catholic University Cardinals,Catholic University,Cardinals,-1.0,-1.0
96359,2022,10,0,2740,2723,,,1,1,2740,Wisconsin-La Crosse Eagles,Wisconsin-La Crosse,Eagles,2723,UW-River Falls Falcons,UW-River Falls,Falcons,-1.0,-1.0
96375,2022,10,0,2105,2842,,,1,1,2105,Carson-Newman Eagles,Carson-Newman,Eagles,2842,UVA-Wise Highland Cavaliers,UVA-Wise,Highland Cavaliers,-1.0,-1.0
96218,2022,10,0,2394,348,,,1,1,2394,Middlebury Panthers,Middlebury,Panthers,348,Hamilton Continentals,Hamilton,Continentals,-1.0,-1.0
96333,2022,10,0,2148,2017,,,1,1,2148,Concord Mountain Lions,Concord,Mountain Lions,2017,Alderson-Broaddus Battlers,Alderson-Broaddus,Battlers,-1.0,-1.0
96855,2022,12,0,2364,2844,,,1,1,2364,Minnesota State Mavericks,Minnesota State,Mavericks,2844,Wayne State (NE) Wildcats,Wayne State (NE),Wildcats,-1.0,-1.0
85173,2016,10,0,2011,2296,,,0,1,2011,Alabama State Hornets,Alabama State,Hornets,2296,Jackson State Tigers,Jackson State,Tigers,-1.0,-1.0
96610,2022,11,0,2171,352,,,1,1,2171,Denison Big Red,Denison,Big Red,352,Kenyon Lords,Kenyon,Lords,-1.0,-1.0
96647,2022,11,0,2757,418,,,1,1,2757,Berry College Vikings,Berry College,Vikings,418,Hendrix College Warriors,Hendrix College,Warriors,-1.0,-1.0
96550,2022,11,0,386,2553,,,1,1,386,Trinity (TX) Tigers,Trinity (TX),Tigers,2553,Sewanee Univ. of the South Tigers,Sewanee Univ. of the South,Tigers,-1.0,-1.0
96713,2022,11,0,90,2231,,,1,1,90,Pittsburg State Gorillas,Pittsburg State,Gorillas,2231,Fort Hays State Tigers,Fort Hays State,Tigers,-1.0,-1.0
96362,2022,10,0,60,2805,,,1,1,60,Morehouse Tigers,Morehouse,Tigers,2805,Clark Atlanta Panthers,Clark Atlanta,Panthers,-1.0,-1.0
96625,2022,11,0,351,2842,,,1,1,351,Wingate Bulldogs,Wingate,Bulldogs,2842,UVA-Wise Highland Cavaliers,UVA-Wise,Highland Cavaliers,-1.0,-1.0
96525,2022,11,0,2884,40,,,1,1,2884,Nichols Bison,Nichols,Bison,40,Curry Colonels,Curry,Colonels,-1.0,-1.0
85216,2016,10,0,302,2502,,,0,1,302,California Davis Aggies,UC Davis,Aggies,2502,Portland State Vikings,Portland State,Vikings,-1.0,-1.0
96652,2022,11,0,122666,101784,,,1,1,122666,Barton College Bulldogs,Barton College,Bulldogs,101784,Erskine Flying Fleet,Erskine,Flying Fleet,-1.0,-1.0
96264,2022,10,0,215,2205,,,1,1,215,Slippery Rock The Rock,Slippery Rock,The Rock,2205,Edinboro Fighting Scots,Edinboro,Fighting Scots,-1.0,-1.0
96382,2022,10,0,2927,2264,,,1,1,2927,Southwestern Oklahoma Bulldogs,Southwestern Oklahoma,Bulldogs,2264,Harding Bison,Harding,Bison,-1.0,-1.0
96240,2022,10,0,2800,2003,,,1,1,2800,Alma College Scots,Alma College,Scots,2003,Adrian Bulldogs,Adrian,Bulldogs,-1.0,-1.0
96238,2022,10,0,89,352,,,0,1,89,Wabash College Little Giants,Wabash College,Little Giants,352,Kenyon Lords,Kenyon,Lords,-1.0,-1.0
89918,2019,11,0,2504,2029,,,0,1,2504,Prairie View Panthers,Prairie View,Panthers,2029,Arkansas-PB Golden Lions,Arkansas-Pine Bluff,Golden Lions,-1.0,-1.0
96289,2022,10,0,2849,2963,,,1,1,2849,Westminster PA Titans,Westminster PA,Titans,2963,Case Western Reserve Spartans,Case Western Reserve,Spartans,-1.0,-1.0
96438,2022,10,0,2025,2120,,,1,0,2025,Angelo State Rams,Angelo State,Rams,2120,Central Washington Wildcats,Central Washington,Wildcats,-1.0,-1.0
85177,2016,10,0,2571,2623,,,0,1,2571,South Dakota State Jackrabbits,South Dakota State,Jackrabbits,2623,Missouri State Bears,Missouri State,Bears,-1.0,-1.0
96346,2022,10,0,2586,2825,,,1,1,2586,Southwest Baptist Bearcats,Southwest Baptist,Bearcats,2825,Quincy Hawks,Quincy,Hawks,-1.0,-1.0
96224,2022,10,0,2817,3066,,,1,1,2817,Minnesota St-Moorhead Dragon,Minnesota St-Moorhead,Dragon,3066,Concordia-St. Paul Golden Bears,Concordia-St. Paul,Golden Bears,-1.0,-1.0
96558,2022,11,0,83,89,,,1,1,83,DePauw Tigers,DePauw,Tigers,89,Wabash College Little Giants,Wabash College,Little Giants,-1.0,-1.0
96314,2022,10,0,2291,2134,,,1,1,2291,Indiana (PA) Crimson Hawks,Indiana (PA),Crimson Hawks,2134,Clarion Golden Eagles,Clarion,Golden Eagles,-1.0,-1.0
95832,2022,8,0,101,2741,,,1,1,101,Eureka College Red Devils,Eureka College,Red Devils,2741,Wisconsin Lutheran Warriors,Wisconsin Lutheran,Warriors,-1.0,-1.0
85160,2016,10,0,2643,2535,,,0,1,2643,The Citadel Bulldogs,The Citadel,Bulldogs,2535,Samford Bulldogs,Samford,Bulldogs,-1.0,-1.0
96511,2022,11,0,110438,122774,,,1,1,110438,Dean College Bulldogs,Dean College,Bulldogs,122774,Keystone Giants,Keystone,Giants,-1.0,-1.0
96986,2022,13,0,2170,110242,,,1,1,2170,Delta State Statesmen,Delta State,Statesmen,110242,West Florida Argonauts,West Florida,Argonauts,-1.0,-1.0
96554,2022,11,0,2667,2175,,,1,1,2667,Ursinus Bears,Ursinus,Bears,2175,Dickinson Red Devils,Dickinson,Red Devils,-1.0,-1.0
96408,2022,10,0,2508,2486,,,1,1,2508,Puget Sound Loggers,Puget Sound,Loggers,2486,Pacific Lutheran Lutes,Pacific Lutheran,Lutes,-1.0,-1.0
96283,2022,10,0,548,2896,,,1,1,548,LaGrange College Panthers,LaGrange College,Panthers,2896,Southern Virginia Knights,Southern Virginia,Knights,-1.0,-1.0
96607,2022,11,0,2886,2682,,,1,0,2886,Northwood (MI) Timberwolves,Northwood (MI),Timberwolves,2682,Walsh Cavaliers,Walsh,Cavaliers,-1.0,-1.0
96278,2022,10,0,33,112,,,1,1,33,Colby White Mules,Colby,White Mules,112,Tufts Jumbos,Tufts,Jumbos,-1.0,-1.0
96532,2022,11,0,2128,2707,,,1,1,2128,Charleston (WV) Golden Eagles,Charleston (WV),Golden Eagles,2707,WV State Yellow Jackets,WV State,Yellow Jackets,-1.0,-1.0
96231,2022,10,0,2422,216,,,1,1,2422,Muhlenberg Mules,Muhlenberg,Mules,216,Susquehanna Crusaders,Susquehanna,Crusaders,-1.0,-1.0
96591,2022,11,0,146,2644,,,1,1,146,Grove City College Wolverines,Grove City College,Wolverines,2644,Thiel College Tomcats,Thiel College,Tomcats,-1.0,-1.0
96370,2022,10,0,2553,2757,,,1,1,2553,Sewanee Univ. of the South Tigers,Sewanee Univ. of the South,Tigers,2757,Berry College Vikings,Berry College,Vikings,-1.0,-1.0
96378,2022,10,0,2224,2682,,,1,1,2224,Findlay Oilers,Findlay,Oilers,2682,Walsh Cavaliers,Walsh,Cavaliers,-1.0,-1.0
96279,2022,10,0,2398,386,,,1,1,2398,Millsaps Majors,Millsaps,Majors,386,Trinity (TX) Tigers,Trinity (TX),Tigers,-1.0,-1.0
96312,2022,10,0,2758,2371,,,1,1,2758,Howard Payne Yellow Jackets,Howard Payne,Yellow Jackets,2371,Mary Hardin-Baylor Crusaders,Mary Hardin-Baylor,Crusaders,-1.0,-1.0
96573,2022,11,0,174,184,,,1,1,174,Hobart Statesmen,Hobart,Statesmen,184,Rochester Yellow Jackets,Rochester,Yellow Jackets,-1.0,-1.0
96413,2022,10,0,17,29,,,1,1,17,Claremont Stags,Claremont,Stags,29,Redlands Bulldogs,Redlands,Bulldogs,-1.0,-1.0
85162,2016,10,0,2506,2335,,,0,1,2506,Presbyterian College Blue Hose,Presbyterian College,Blue Hose,2335,Liberty Flames,Liberty,Flames,-1.0,-1.0
96423,2022,10,0,437,308,,,1,1,437,Lake Erie College Storm,Lake Erie College,Storm,308,Ashland Eagles,Ashland,Eagles,-1.0,-1.0
96304,2022,10,0,191,188,,,1,1,191,Heidelberg Student Princes,Heidelberg,Student Princes,188,Baldwin-Wallace Yellow Jackets,Baldwin-Wallace,Yellow Jackets,-1.0,-1.0
85205,2016,10,0,2542,2450,,,0,1,2542,Savannah State Tigers,Savannah State,Tigers,2450,Norfolk State Spartans,Norfolk State,Spartans,-1.0,-1.0
96757,2022,11,0,319,200,,,1,1,319,Oklahoma Baptist Bison,Oklahoma Baptist,Bison,200,Southern Nazarene Crimson Storm,Southern Nazarene,Crimson Storm,-1.0,-1.0
96200,2022,10,0,2808,2221,,,1,1,2808,Delaware Valley Aggies,Delaware Valley,Aggies,2221,FDU-Florham Devils,FDU-Florham,Devils,-1.0,-1.0
89912,2019,11,0,2571,2287,,,0,1,2571,South Dakota State Jackrabbits,South Dakota State,Jackrabbits,2287,Illinois State Redbirds,Illinois State,Redbirds,-1.0,-1.0
96736,2022,11,0,2318,411,,,1,1,2318,La Verne Leopards,La Verne,Leopards,411,Chapman Panthers,Chapman,Panthers,-1.0,-1.0
97060,2022,15,0,3071,2371,,,1,0,3071,North Central Cardinals,North Central,Cardinals,2371,Mary Hardin-Baylor Crusaders,Mary Hardin-Baylor,Crusaders,-1.0,-1.0
96323,2022,10,0,65,2286,,,0,1,65,Grinnell Pioneers,Grinnell,Pioneers,2286,Illinois College Blueboys,Illinois College,Blueboys,-1.0,-1.0
96854,2022,12,0,386,2810,,,1,0,386,Trinity (TX) Tigers,Trinity (TX),Tigers,2810,Hardin-Simmons Cowboys,Hardin-Simmons,Cowboys,-1.0,-1.0
96488,2022,11,0,2256,286,,,1,1,2256,Greensboro Pride,Greensboro,Pride,286,NC Wesleyan Battling Bishops,NC Wesleyan,Battling Bishops,-1.0,-1.0
96253,2022,10,0,2583,126086,,,1,0,2583,Southern Connecticut State Owls,Southern Connecticut State,Owls,126086,Post University Postuniv,Post University,Postuniv,-1.0,-1.0
96287,2022,10,0,128,129,,,1,1,128,Northern Michigan Wildcats,Northern Michigan,Wildcats,129,Saginaw Valley Cardinals,Saginaw Valley,Cardinals,-1.0,-1.0
89921,2019,11,0,2535,236,,,0,1,2535,Samford Bulldogs,Samford,Bulldogs,236,Chattanooga Mocs,Chattanooga,Mocs,-1.0,-1.0
96673,2022,11,0,15,293,,,1,1,15,Anna Maria College Amcats,Anna Maria College,Amcats,293,Castleton State College Spartans,Castleton State College,Spartans,-1.0,-1.0
85157,2016,10,0,2504,2016,,,0,1,2504,Prairie View Panthers,Prairie View,Panthers,2016,Alcorn State Braves,Alcorn State,Braves,-1.0,-1.0
96619,2022,11,0,2702,452,,,1,1,2702,Western New England Golden Bears,Western New England,Golden Bears,452,Endicott College Gulls,Endicott College,Gulls,-1.0,-1.0
89915,2019,11,0,2640,2011,,,0,1,2640,Texas Southern Tigers,Texas Southern,Tigers,2011,Alabama State Hornets,Alabama State,Hornets,-1.0,-1.0
96395,2022,10,0,2568,200,,,1,1,2568,Southern Arkansas Muleriders,Southern Arkansas,Muleriders,200,Southern Nazarene Crimson Storm,Southern Nazarene,Crimson Storm,-1.0,-1.0
96364,2022,10,0,263,49,,,1,1,263,Loras College Duhawks ,Loras College,Duhawks ,49,Dubuque Spartans,Dubuque,Spartans,-1.0,-1.0
96685,2022,11,0,427,2733,,,1,1,427,Ohio Northern Polar Bears,Ohio Northern,Polar Bears,2733,Wilmington (OH) Quakers,Wilmington (OH),Quakers,-1.0,-1.0
96959,2022,13,0,175,81,,,1,0,175,Ithaca Bombers,Ithaca,Bombers,81,Springfield Pride,Springfield,Pride,-1.0,-1.0
96501,2022,11,0,398,247,,,1,1,398,Wilkes Colonels,Wilkes,Colonels,247,King's College (PA) Monarchs,King's College (PA),Monarchs,-1.0,-1.0
96330,2022,10,0,2231,196,,,1,1,2231,Fort Hays State Tigers,Fort Hays State,Tigers,196,Northeastern State RiverHawks,Northeastern State,RiverHawks,-1.0,-1.0
96659,2022,11,0,396,75,,,1,1,396,Wheaton College (Ill) Thunder,Wheaton College (Ill),Thunder,75,North Park Vikings,North Park,Vikings,-1.0,-1.0
89919,2019,11,0,2382,2747,,,0,1,2382,Mercer Bears,Mercer,Bears,2747,Wofford Terriers,Wofford,Terriers,-1.0,-1.0
96711,2022,11,0,2291,2071,,,1,1,2291,Indiana (PA) Crimson Hawks,Indiana (PA),Crimson Hawks,2071,Bloomsburg Huskies,Bloomsburg,Huskies,-1.0,-1.0
96614,2022,11,0,365,2781,,,1,1,365,Alfred Saxons,Alfred,Saxons,2781,Brockport State (NY) Golden Eagles,Brockport State (NY),Golden Eagles,-1.0,-1.0
96669,2022,11,0,2587,2043,,,1,1,2587,Southwest Minnesota State Mustangs,Southwest Minnesota State,Mustangs,2043,Augustana (SD) Vikings,Augustana (SD),Vikings,-1.0,-1.0
89938,2019,11,0,2046,2630,,,0,1,2046,Austin Peay Governors,Austin Peay,Governors,2630,UT Martin Skyhawks,UT Martin,Skyhawks,-1.0,-1.0
96495,2022,11,0,2969,2354,,,1,1,2969,Misericordia Cougars,Misericordia,Cougars,2354,Lycoming Warriors,Lycoming,Warriors,-1.0,-1.0
96617,2022,11,0,2779,2085,,,1,1,2779,St Lawrence Saints,St Lawrence,Saints,2085,Buffalo State Bengals,Buffalo State,Bengals,-1.0,-1.0
96654,2022,11,0,425,134,,,1,1,425,Northern State Wolves,Northern State,Wolves,134,Minnesota-Duluth Bulldogs,Minnesota-Duluth,Bulldogs,-1.0,-1.0
96655,2022,11,0,2106,74,,,1,1,2106,Carthage Redmen,Carthage,Redmen,74,Millikin Big Blue,Millikin,Big Blue,-1.0,-1.0
96316,2022,10,0,124,2802,,,1,1,124,Augsburg Auggies,Augsburg,Auggies,2802,Bethel (MN) Royals,Bethel (MN),Royals,-1.0,-1.0
96272,2022,10,0,2438,2122,,,1,1,2438,Nebraska-Kearney Lopers,Nebraska-Kearney,Lopers,2122,Central Oklahoma Bronchos,Central Oklahoma,Bronchos,-1.0,-1.0
96212,2022,10,0,237,175,,,1,1,237,Union Dutchmen,Union,Dutchmen,175,Ithaca Bombers,Ithaca,Bombers,-1.0,-1.0
96387,2022,10,0,2001,2069,,,1,1,2001,Adams State Grizzlies,Adams State,Grizzlies,2069,Black Hills State Yellow Jackets,Black Hills State,Yellow Jackets,-1.0,-1.0
96258,2022,10,0,2614,2845,,,1,1,2614,St. Vincent Bearcats,St. Vincent,Bearcats,2845,Waynesburg Yellow Jackets,Waynesburg,Yellow Jackets,-1.0,-1.0
96207,2022,10,0,124180,124179,,,1,0,124180,Bluefield Bluefields,Bluefield,Bluefields,124179,Lincoln University (CA) Oaklanders,Lincoln University (CA),Oaklanders,-1.0,-1.0
96345,2022,10,0,2043,134,,,1,1,2043,Augustana (SD) Vikings,Augustana (SD),Vikings,134,Minnesota-Duluth Bulldogs,Minnesota-Duluth,Bulldogs,-1.0,-1.0
96284,2022,10,0,2062,2018,,,0,0,2062,Bethany (WV) Bison,Bethany (WV),Bison,2018,Allegheny Golden Gators,Allegheny,Golden Gators,-1.0,-1.0
96552,2022,11,0,2980,2274,,,1,1,2980,Ohio Wesleyan Battling Bishops,Ohio Wesleyan,Battling Bishops,2274,Hiram Terriers,Hiram,Terriers,-1.0,-1.0
96621,2022,11,0,2286,266,,,1,1,2286,Illinois College Blueboys,Illinois College,Blueboys,266,Beloit College Buccaneers,Beloit College,Buccaneers,-1.0,-1.0
85185,2016,10,0,2916,2545,,,0,1,2916,Incarnate Word Cardinals,Incarnate Word,Cardinals,2545,Southeastern Louisiana Lions,Southeastern Louisiana,Lions,-1.0,-1.0
96671,2022,11,0,2292,2654,,,1,1,2292,Indianapolis Greyhounds,Indianapolis,Greyhounds,2654,Truman State Bulldogs,Truman State,Bulldogs,-1.0,-1.0
96662,2022,11,0,2283,2741,,,1,1,2283,Benedictine (IL) Eagles,Benedictine (IL),Eagles,2741,Wisconsin Lutheran Warriors,Wisconsin Lutheran,Warriors,-1.0,-1.0
89913,2019,11,0,2634,2197,,,0,1,2634,Tennessee State Tigers,Tennessee State,Tigers,2197,Eastern Illinois Panthers,Eastern Illinois,Panthers,-1.0,-1.0
97056,2022,15,0,426,2685,,,1,0,426,Mount Union Raiders,Mount Union,Raiders,2685,Wartburg Knights,Wartburg,Knights,-1.0,-1.0
96322,2022,10,0,2044,6353,,,1,1,2044,Aurora Spartans,Aurora,Spartans,6353,Lakeland University Lakeland,Lakeland University,Lakeland,-1.0,-1.0
89927,2019,11,0,2449,2710,,,0,1,2449,North Dakota State Bison,North Dakota State,Bison,2710,Western Illinois Leathernecks,Western Illinois,Leathernecks,-1.0,-1.0
85161,2016,10,0,2717,2678,,,0,1,2717,Western Carolina Catamounts,Western Carolina,Catamounts,2678,VMI Keydets,VMI,Keydets,-1.0,-1.0
85169,2016,10,0,2710,2287,,,0,1,2710,Western Illinois Leathernecks,Western Illinois,Leathernecks,2287,Illinois State Redbirds,Illinois State,Redbirds,-1.0,-1.0
96197,2022,10,0,2336,122666,,,1,0,2336,Limestone Saints,Limestone,Saints,122666,Barton College Bulldogs,Barton College,Bulldogs,-1.0,-1.0
96277,2022,10,0,2700,2248,,,1,1,2700,McDaniel College Terrors,McDaniel College,Terrors,2248,Gettysburg Bullets,Gettysburg,Bullets,-1.0,-1.0
96193,2022,10,0,110,2972,,,1,1,110,Mass Maritime Buccaneers,Mass Maritime,Buccaneers,2972,Plymouth State Panthers,Plymouth State,Panthers,-1.0,-1.0
96665,2022,11,0,2519,3,,,1,1,2519,Rhodes Lynx,Rhodes,Lynx,3,Birmingham-Southern Panthers,Birmingham-Southern,Panthers,-1.0,-1.0
96688,2022,11,0,2264,2033,,,1,1,2264,Harding Bison,Harding,Bison,2033,Arkansas Tech Wonder Boys,Arkansas Tech,Wonder Boys,-1.0,-1.0
96668,2022,11,0,613,2123,,,1,1,613,South Dakota Mines Hardrockers,South Dakota Mines,Hardrockers,2123,Chadron State Eagles,Chadron State,Eagles,-1.0,-1.0
96742,2022,11,0,2120,110243,,,1,0,2120,Central Washington Wildcats,Central Washington,Wildcats,110243,University of Texas of the Permian Basin Falcons,University of Texas of the Permian Basin,Falcons,-1.0,-1.0
96187,2022,10,0,286,2938,,,1,1,286,NC Wesleyan Battling Bishops,NC Wesleyan,Battling Bishops,2938,Huntingdon Hawks,Huntingdon,Hawks,-1.0,-1.0
96498,2022,11,0,2838,2224,,,1,1,2838,Tiffin Dragons,Tiffin,Dragons,2224,Findlay Oilers,Findlay,Oilers,-1.0,-1.0
89920,2019,11,0,2755,2016,,,0,1,2755,Grambling Tigers,Grambling,Tigers,2016,Alcorn State Braves,Alcorn State,Braves,-1.0,-1.0
96320,2022,10,0,509,583,,,1,1,509,Crown College Storm,Crown College,Storm,583,Northwestern (MN) Eagles,Northwestern (MN),Eagles,-1.0,-1.0
96594,2022,11,0,308,2316,,,1,1,308,Ashland Eagles,Ashland,Eagles,2316,Kentucky Wesleyan Panthers,Kentucky Wesleyan,Panthers,-1.0,-1.0
96565,2022,11,0,2891,268,,,1,1,2891,Ripon Redhawks,Ripon,Redhawks,268,Lawrence Vikings,Lawrence,Vikings,-1.0,-1.0
96270,2022,10,0,2369,2839,,,1,1,2369,Mars Hill Lions,Mars Hill,Lions,2839,Tusculum Pioneers,Tusculum,Pioneers,-1.0,-1.0
96428,2022,10,0,2823,2033,,,1,1,2823,Northwestern Oklahoma State Rangers,Northwestern Oklahoma State,Rangers,2033,Arkansas Tech Wonder Boys,Arkansas Tech,Wonder Boys,-1.0,-1.0
85186,2016,10,0,2617,2110,,,0,1,2617,Stephen F. Austin Lumberjacks,Stephen F. Austin,Lumberjacks,2110,Central Arkansas Bears,Central Arkansas,Bears,-1.0,-1.0
96286,2022,10,0,3112,2442,,,1,1,3112,Christopher Newport Captains,Christopher Newport,Captains,2442,College of New Jersey Lions,College of New Jersey,Lions,-1.0,-1.0
85168,2016,10,0,2197,2630,,,0,1,2197,Eastern Illinois Panthers,Eastern Illinois,Panthers,2630,UT Martin Skyhawks,UT Martin,Skyhawks,-1.0,-1.0
96595,2022,11,0,131,2222,,,1,1,131,Wayne State (MI) Warriors,Wayne State (MI),Warriors,2222,Ferris State Bulldogs,Ferris State,Bulldogs,-1.0,-1.0
96526,2022,11,0,2583,2441,,,1,1,2583,Southern Connecticut State Owls,Southern Connecticut State,Owls,2441,New Haven Chargers,New Haven,Chargers,-1.0,-1.0
96544,2022,11,0,112,2394,,,1,1,112,Tufts Jumbos,Tufts,Jumbos,2394,Middlebury Panthers,Middlebury,Panthers,-1.0,-1.0
96233,2022,10,0,2686,146,,,1,1,2686,Washington & Jefferson Presidents,Washington & Jefferson,Presidents,146,Grove City College Wolverines,Grove City College,Wolverines,-1.0,-1.0
96641,2022,11,0,2825,2911,,,1,1,2825,Quincy Hawks,Quincy,Hawks,2911,William Jewell College Cardinals,William Jewell College,Cardinals,-1.0,-1.0
96250,2022,10,0,2828,297,,,1,1,2828,Shenandoah Hornets,Shenandoah,Hornets,297,Hampden-Sydney Tigers,Hampden-Sydney,Tigers,-1.0,-1.0
96504,2022,11,0,18,110,,,1,1,18,Bridgewater State Bears,Bridgewater State,Bears,110,Mass Maritime Buccaneers,Mass Maritime,Buccaneers,-1.0,-1.0
89952,2019,11,0,2127,2261,,,0,1,2127,Charleston Southern Buccaneers,Charleston Southern,Buccaneers,2261,Hampton Pirates,Hampton,Pirates,-1.0,-1.0
96259,2022,10,0,2516,366,,,1,1,2516,Randolph-Macon Yellow Jackets,Randolph-Macon,Yellow Jackets,366,Ferrum Panthers,Ferrum,Panthers,-1.0,-1.0
96310,2022,10,0,2237,2714,,,1,1,2237,Fort Lewis Skyhawks,Fort Lewis,Skyhawks,2714,Western State Mountaineers,Western State,Mountaineers,-1.0,-1.0
96348,2022,10,0,611,2385,,,1,1,611,Seton Hill College Griffins,Seton Hill College,Griffins,2385,Mercyhurst Lakers,Mercyhurst,Lakers,-1.0,-1.0
96209,2022,10,0,247,2969,,,1,1,247,King's College (PA) Monarchs,King's College (PA),Monarchs,2969,Misericordia Cougars,Misericordia,Cougars,-1.0,-1.0
96347,2022,10,0,2911,2292,,,1,1,2911,William Jewell College Cardinals,William Jewell College,Cardinals,2292,Indianapolis Greyhounds,Indianapolis,Greyhounds,-1.0,-1.0
96223,2022,10,0,112335,2128,,,1,1,112335,Wheeling Jesuit Cardinals,Wheeling Jesuit,Cardinals,2128,Charleston (WV) Golden Eagles,Charleston (WV),Golden Eagles,-1.0,-1.0
96368,2022,10,0,272,2738,,,1,1,272,Wisconsin-Platteville Pioneers,Wisconsin-Platteville,Pioneers,2738,Wisconsin-Eau Claire Blugolds,Wisconsin-Eau Claire,Blugolds,-1.0,-1.0
96327,2022,10,0,2359,375,,,1,0,2359,Macalester Scots,Macalester,Scots,375,St. Scholastica College of St. Scholastica,St. Scholastica,College of St. Scholastica,-1.0,-1.0
89937,2019,11,0,2110,2545,,,0,1,2110,Central Arkansas Bears,Central Arkansas,Bears,2545,Southeastern Louisiana Lions,Southeastern Louisiana,Lions,-1.0,-1.0
96288,2022,10,0,2175,118,,,1,1,2175,Dickinson Red Devils,Dickinson,Red Devils,118,Johns Hopkins Blue Jays,Johns Hopkins,Blue Jays,-1.0,-1.0
96670,2022,11,0,2146,2237,,,1,1,2146,Colorado Mines Orediggers,Colorado Mines,Orediggers,2237,Fort Lewis Skyhawks,Fort Lewis,Skyhawks,-1.0,-1.0
89941,2019,11,0,2447,2277,,,0,1,2447,Nicholls Colonels,Nicholls,Colonels,2277,Houston Christian Huskies,Houston Christian,Huskies,-1.0,-1.0
89911,2019,11,0,233,2754,,,0,1,233,South Dakota Coyotes,South Dakota,Coyotes,2754,Youngstown State Penguins,Youngstown State,Penguins,-1.0,-1.0
96332,2022,10,0,2118,137,,,1,1,2118,Central Missouri State Mules,Central Missouri State,Mules,137,Missouri Western Griffons,Missouri Western,Griffons,-1.0,-1.0
96391,2022,10,0,2170,2698,,,1,1,2170,Delta State Statesmen,Delta State,Statesmen,2698,West Georgia Wolves,West Georgia,Wolves,-1.0,-1.0
96412,2022,10,0,101784,2213,,,1,0,101784,Erskine Flying Fleet,Erskine,Flying Fleet,2213,Emory & Henry Wasps,Emory & Henry,Wasps,-1.0,-1.0
96828,2022,12,0,216,390,,,1,0,216,Susquehanna Crusaders,Susquehanna,Crusaders,390,Utica Pioneers,Utica,Pioneers,-1.0,-1.0
96353,2022,10,0,2600,2101,,,1,1,2600,St. Johns (MN) Johnnies,St. Johns (MN),Johnnies,2101,Carleton Knights,Carleton,Knights,-1.0,-1.0
96661,2022,11,0,2044,409,,,1,1,2044,Aurora Spartans,Aurora,Spartans,409,Concordia (WI) Falcons,Concordia (WI),Falcons,-1.0,-1.0
96737,2022,11,0,2486,205,,,1,1,2486,Pacific Lutheran Lutes,Pacific Lutheran,Lutes,205,Pacific (OR) Boxers,Pacific (OR),Boxers,-1.0,-1.0
89907,2019,11,0,2010,2296,,,0,1,2010,Alabama A&M Bulldogs,Alabama A&M,Bulldogs,2296,Jackson State Tigers,Jackson State,Tigers,-1.0,-1.0
96350,2022,10,0,143,396,,,1,1,143,Washington (MO) Bears,Washington (MO),Bears,396,Wheaton College (Ill) Thunder,Wheaton College (Ill),Thunder,-1.0,-1.0
96575,2022,11,0,216,246,,,1,1,216,Susquehanna Crusaders,Susquehanna,Crusaders,246,Juniata Eagles,Juniata,Eagles,-1.0,-1.0
96567,2022,11,0,2121,2398,,,1,1,2121,Centre Colonels,Centre,Colonels,2398,Millsaps Majors,Millsaps,Majors,-1.0,-1.0
96714,2022,11,0,2170,2695,,,1,1,2170,Delta State Statesmen,Delta State,Statesmen,2695,West Alabama Tigers,West Alabama,Tigers,-1.0,-1.0
85199,2016,10,0,2097,2166,,,0,1,2097,Campbell Fighting Camels,Campbell,Fighting Camels,2166,Davidson Wildcats,Davidson,Wildcats,-1.0,-1.0
96342,2022,10,0,2588,2639,,,1,1,2588,Southwestern University Pirates,Southwestern University,Pirates,2639,Texas Lutheran Bulldogs,Texas Lutheran,Bulldogs,-1.0,-1.0
89914,2019,11,0,79,2623,,,0,1,79,Southern Illinois Salukis,Southern Illinois,Salukis,2623,Missouri State Bears,Missouri State,Bears,-1.0,-1.0
96533,2022,11,0,2336,2213,,,1,0,2336,Limestone Saints,Limestone,Saints,2213,Emory & Henry Wasps,Emory & Henry,Wasps,-1.0,-1.0
96174,2022,10,0,2644,2242,,,1,1,2644,Thiel College Tomcats,Thiel College,Tomcats,2242,Geneva College Golden Tornadoes,Geneva College,Golden Tornadoes,-1.0,-1.0
96478,2022,11,0,2442,2871,,,1,1,2442,College of New Jersey Lions,College of New Jersey,Lions,2871,Kean Cougars,Kean,Cougars,-1.0,-1.0
96515,2022,11,0,118,2700,,,1,1,118,Johns Hopkins Blue Jays,Johns Hopkins,Blue Jays,2700,McDaniel College Terrors,McDaniel College,Terrors,-1.0,-1.0
96275,2022,10,0,2654,2816,,,1,1,2654,Truman State Bulldogs,Truman State,Bulldogs,2816,McKendree Bearcats,McKendree,Bearcats,-1.0,-1.0
96675,2022,11,0,2938,548,,,1,1,2938,Huntingdon Hawks,Huntingdon,Hawks,548,LaGrange College Panthers,LaGrange College,Panthers,-1.0,-1.0
96606,2022,11,0,366,2047,,,1,0,366,Ferrum Panthers,Ferrum,Panthers,2047,Averett Cougars,Averett,Cougars,-1.0,-1.0
96628,2022,11,0,2233,2262,,,1,1,2233,Franklin Grizzlies,Franklin,Grizzlies,2262,Hanover Panthers,Hanover,Panthers,-1.0,-1.0
85164,2016,10,0,119,2210,,,0,1,119,Towson Tigers,Towson,Tigers,2210,Elon Phoenix,Elon,Phoenix,-1.0,-1.0
96658,2022,11,0,2141,2685,,,1,1,2141,Coe Kohawks,Coe,Kohawks,2685,Wartburg Knights,Wartburg,Knights,-1.0,-1.0
85174,2016,10,0,2010,2755,,,0,1,2010,Alabama A&M Bulldogs,Alabama A&M,Bulldogs,2755,Grambling Tigers,Grambling,Tigers,-1.0,-1.0
96801,2022,12,0,452,81,,,1,0,452,Endicott College Gulls,Endicott College,Gulls,81,Springfield Pride,Springfield,Pride,-1.0,-1.0
96225,2022,10,0,2441,112334,,,1,1,2441,New Haven Chargers,New Haven,Chargers,112334,Franklin Pierce Ravens,Franklin Pierce,Ravens,-1.0,-1.0
85217,2016,10,0,2534,2377,,,0,1,2534,Sam Houston State Bearkats,Sam Houston State,Bearkats,2377,McNeese Cowboys,McNeese,Cowboys,-1.0,-1.0
96343,2022,10,0,2152,162,,,1,1,2152,Concordia (MN) Cobbers,Concordia (MN),Cobbers,162,Hamline Fighting Pipers,Hamline,Fighting Pipers,-1.0,-1.0
96336,2022,10,0,2424,2146,,,1,1,2424,New Mexico Highlands Cowboys,New Mexico Highlands,Cowboys,2146,Colorado Mines Orediggers,Colorado Mines,Orediggers,-1.0,-1.0
85163,2016,10,0,2692,2464,,,0,1,2692,Weber State Wildcats,Weber State,Wildcats,2464,Northern Arizona Lumberjacks,Northern Arizona,Lumberjacks,-1.0,-1.0
96770,2022,11,0,2658,2848,,,1,0,2658,Texas A&M-Kingsville Javelinas,Texas A&M-Kingsville,Javelinas,2848,Western Oregon Wolves,Western Oregon,Wolves,-1.0,-1.0
89906,2019,11,0,2428,2450,,,0,1,2428,North Carolina Central Eagles,North Carolina Central,Eagles,2450,Norfolk State Spartans,Norfolk State,Spartans,-1.0,-1.0
96524,2022,11,0,2302,359,,,1,1,2302,John Carroll Blue Streaks,John Carroll,Blue Streaks,359,Otterbein Cardinals,Otterbein,Cardinals,-1.0,-1.0
96313,2022,10,0,2206,124110,,,1,0,2206,Edward Waters Tigers,Edward Waters,Tigers,124110,UFTL Eagles,UFTL,Eagles,-1.0,-1.0
95829,2022,8,0,166,23,,,0,0,166,New Mexico State Aggies,New Mexico State,Aggies,23,San José State Spartans,San José State,Spartans,-1.0,-1.0
89951,2019,11,0,2502,302,,,0,1,2502,Portland State Vikings,Portland State,Vikings,302,California Davis Aggies,UC Davis,Aggies,-1.0,-1.0
